time,carbon_monoxide,no,nitrogen_dioxide,ozone,sulphur_dioxide,pm2_5,pm10,nh3,temperature,humidity,pressure,wind_speed,wind_direction
2025-06-28 10:00:00,270.42,0.07,0.7,87.78,0.31,14.53,39.59,8.03,308.09,55.0,993.0,4.12,130.0
2025-06-27 04:00:00,378.21,0.15,5.62,51.33,2.55,37.46,101.81,28.63,308.09,55.0,993.0,4.12,130.0
2025-06-27 14:00:00,497.77,0.06,6.18,82.8,1.5,15.36,41.0,27.8,308.09,55.0,993.0,4.12,130.0
2025-06-27 16:00:00,546.86,0.0,7.98,67.39,1.44,17.95,50.26,40.82,308.09,55.0,993.0,4.12,130.0
2025-06-27 19:00:00,534.49,0.0,7.18,62.14,0.94,20.14,65.44,41.03,308.09,55.0,993.0,4.12,130.0
2025-06-30 01:00:00,121.73,0.0,2.17,50.5,4.28,18.27,74.05,12.18,308.09,55.0,993.0,4.12,130.0
2025-06-30 15:00:00,146.69,0.0,1.76,60.66,0.52,15.67,60.34,12.04,308.09,55.0,993.0,4.12,130.0
2025-06-27 05:00:00,365.96,0.12,4.57,58.69,2.29,33.52,97.65,26.12,308.09,55.0,993.0,4.12,130.0
2025-06-28 08:00:00,295.43,0.06,0.71,90.86,0.37,17.6,51.9,8.56,308.09,55.0,993.0,4.12,130.0
2025-07-01 19:00:00,136.87,0.0,1.56,69.0,1.23,25.53,94.17,7.31,308.09,55.0,993.0,4.12,130.0
2025-06-28 03:00:00,454.51,0.38,3.9,52.5,0.45,24.21,97.22,30.11,308.09,55.0,993.0,4.12,130.0
2025-06-29 04:00:00,191.41,0.26,1.53,78.3,4.59,18.09,69.87,11.53,308.09,55.0,993.0,4.12,130.0
2025-06-29 20:00:00,131.47,0.0,1.45,67.44,1.79,10.64,51.48,9.94,308.09,55.0,993.0,4.12,130.0
2025-07-01 12:00:00,131.18,0.11,0.85,71.74,0.66,21.49,75.83,4.66,308.09,55.0,993.0,4.12,130.0
2025-06-29 09:00:00,142.75,0.07,0.38,78.13,1.2,13.31,43.69,6.62,308.09,55.0,993.0,4.12,130.0
2025-06-30 10:00:00,131.58,0.08,0.46,71.83,0.9,17.76,58.89,6.08,308.09,55.0,993.0,4.12,130.0
2025-07-01 05:00:00,144.84,0.38,1.68,55.09,2.73,34.26,133.69,7.15,308.09,55.0,993.0,4.12,130.0
2025-07-01 08:00:00,134.97,0.12,0.62,73.64,1.2,26.89,91.69,4.56,308.09,55.0,993.0,4.12,130.0
2025-06-30 22:00:00,157.68,0.0,1.57,76.47,3.9,27.69,103.74,12.81,308.09,55.0,993.0,4.12,130.0
2025-06-27 01:00:00,360.85,0.0,6.75,37.98,2.59,36.23,94.29,34.75,308.09,55.0,993.0,4.12,130.0
2025-06-29 14:00:00,137.25,0.03,1.29,75.6,1.65,18.64,60.59,9.19,308.09,55.0,993.0,4.12,130.0
2025-06-30 18:00:00,153.41,0.0,1.61,64.31,0.83,18.77,73.46,13.72,308.09,55.0,993.0,4.12,130.0
2025-06-26 17:00:00,289.1,0.0,6.97,52.11,2.99,23.85,60.48,35.88,308.09,55.0,993.0,4.12,130.0
2025-06-28 15:00:00,291.38,0.0,3.8,70.78,0.55,17.29,50.73,24.84,308.09,55.0,993.0,4.12,130.0
2025-06-27 20:00:00,518.51,0.0,6.4,60.98,0.76,20.63,69.84,40.22,308.09,55.0,993.0,4.12,130.0
2025-06-27 11:00:00,431.08,0.05,1.89,102.58,1.59,11.91,28.18,11.92,308.09,55.0,993.0,4.12,130.0
2025-07-01 03:00:00,146.5,0.42,2.69,41.0,3.66,32.55,132.58,8.64,308.09,55.0,993.0,4.12,130.0
2025-07-01 01:00:00,144.0,0.0,2.29,52.63,4.57,32.69,129.45,11.34,308.09,55.0,993.0,4.12,130.0
2025-06-27 02:00:00,382.51,0.11,6.96,37.21,2.52,37.59,97.75,32.96,308.09,55.0,993.0,4.12,130.0
2025-06-30 20:00:00,161.42,0.0,1.41,78.11,1.97,23.26,85.0,12.99,308.09,55.0,993.0,4.12,130.0
2025-07-01 22:00:00,142.93,0.0,1.7,76.19,3.36,32.5,116.44,8.52,308.09,55.0,993.0,4.12,130.0
2025-06-28 18:00:00,272.46,0.0,3.25,68.43,0.58,21.46,72.85,27.28,308.09,55.0,993.0,4.12,130.0
2025-06-28 09:00:00,281.49,0.07,0.69,89.27,0.33,15.61,42.86,7.97,308.09,55.0,993.0,4.12,130.0
2025-06-27 12:00:00,433.55,0.06,2.08,103.22,1.52,12.62,31.55,12.57,308.09,55.0,993.0,4.12,130.0
2025-06-27 17:00:00,557.94,0.0,8.18,63.08,1.31,19.13,55.23,43.72,308.09,55.0,993.0,4.12,130.0
2025-06-28 13:00:00,261.11,0.14,1.75,82.9,0.37,14.56,41.33,13.61,308.09,55.0,993.0,4.12,130.0
2025-06-29 19:00:00,139.29,0.0,1.42,70.34,1.6,10.91,49.8,9.68,308.09,55.0,993.0,4.12,130.0
2025-06-29 21:00:00,124.79,0.0,1.56,63.73,2.24,11.39,55.47,10.31,308.09,55.0,993.0,4.12,130.0
2025-06-27 08:00:00,418.47,0.03,2.03,94.18,1.9,14.0,33.74,12.77,308.09,55.0,993.0,4.12,130.0
2025-06-29 23:00:00,120.3,0.0,1.92,56.41,3.64,15.11,66.35,11.49,308.09,55.0,993.0,4.12,130.0
2025-06-26 18:00:00,295.53,0.0,6.91,51.12,3.07,24.99,64.08,35.1,308.09,55.0,993.0,4.12,130.0
2025-06-29 11:00:00,129.75,0.08,0.48,75.76,1.12,15.02,52.66,7.51,308.09,55.0,993.0,4.12,130.0
2025-06-30 06:00:00,138.32,0.17,0.86,71.98,2.72,26.02,88.25,9.74,308.09,55.0,993.0,4.12,130.0
2025-07-01 06:00:00,141.57,0.25,1.21,65.76,2.38,36.98,134.84,6.67,308.09,55.0,993.0,4.12,130.0
2025-06-28 06:00:00,391.8,0.2,1.88,84.31,0.58,33.85,127.91,25.22,308.09,55.0,993.0,4.12,130.0
2025-06-29 02:00:00,222.43,0.15,3.4,58.26,6.29,23.11,90.78,23.65,308.09,55.0,993.0,4.12,130.0
2025-07-01 17:00:00,148.18,0.0,2.22,60.79,0.66,20.75,79.95,8.92,308.09,55.0,993.0,4.12,130.0
2025-06-27 23:00:00,459.64,0.0,3.82,61.04,0.45,21.31,81.69,32.47,308.09,55.0,993.0,4.12,130.0
2025-06-28 01:00:00,475.67,0.0,4.26,52.89,0.44,22.26,79.93,32.34,308.09,55.0,993.0,4.12,130.0
2025-06-29 07:00:00,157.87,0.09,0.49,86.28,2.09,15.1,47.8,7.63,308.09,55.0,993.0,4.12,130.0
2025-06-30 02:00:00,125.37,0.1,2.33,47.82,4.22,19.35,77.36,11.97,308.09,55.0,993.0,4.12,130.0
2025-06-30 07:00:00,137.65,0.11,0.59,75.51,1.92,22.76,75.05,7.53,308.09,55.0,993.0,4.12,130.0
2025-06-26 22:00:00,328.99,0.0,6.94,42.52,3.32,32.04,79.4,35.73,308.09,55.0,993.0,4.12,130.0
2025-06-27 10:00:00,427.94,0.03,1.79,101.4,1.62,11.18,25.49,11.3,308.09,55.0,993.0,4.12,130.0
2025-06-28 22:00:00,224.5,0.0,2.7,66.38,2.55,22.07,79.8,26.6,308.09,55.0,993.0,4.12,130.0
2025-06-30 04:00:00,135.12,0.38,1.74,54.37,3.58,22.0,84.9,10.99,308.09,55.0,993.0,4.12,130.0
2025-06-28 16:00:00,292.71,0.0,3.9,67.87,0.6,18.76,57.19,27.76,308.09,55.0,993.0,4.12,130.0
2025-07-01 15:00:00,151.65,0.0,2.58,60.59,0.58,19.18,71.77,8.39,308.09,55.0,993.0,4.12,130.0
2025-07-01 20:00:00,136.76,0.0,1.48,72.99,1.74,28.2,101.92,7.45,308.09,55.0,993.0,4.12,130.0
2025-06-29 00:00:00,226.14,0.0,3.29,61.53,5.87,22.75,82.47,26.63,308.09,55.0,993.0,4.12,130.0
2025-06-30 09:00:00,133.21,0.09,0.46,73.0,1.08,19.08,63.11,6.26,308.09,55.0,993.0,4.12,130.0
2025-06-28 11:00:00,260.25,0.09,0.76,86.46,0.3,13.98,38.66,8.52,308.09,55.0,993.0,4.12,130.0
2025-06-29 17:00:00,149.83,0.0,1.5,73.01,1.8,13.69,50.7,9.28,308.09,55.0,993.0,4.12,130.0
2025-07-01 10:00:00,132.61,0.1,0.59,74.51,0.87,24.45,83.83,4.43,308.09,55.0,993.0,4.12,130.0
2025-06-30 13:00:00,133.2,0.08,1.04,65.72,0.56,15.04,53.89,7.69,308.09,55.0,993.0,4.12,130.0
2025-07-01 18:00:00,143.76,0.0,1.92,64.26,0.85,23.25,89.0,8.37,308.09,55.0,993.0,4.12,130.0
2025-06-30 19:00:00,157.44,0.0,1.51,71.43,1.3,21.0,78.58,13.31,308.09,55.0,993.0,4.12,130.0
2025-06-30 23:00:00,153.35,0.0,1.8,69.85,4.68,30.05,114.85,13.15,308.09,55.0,993.0,4.12,130.0
2025-07-01 23:00:00,148.06,0.0,1.91,75.16,4.37,33.78,121.01,8.92,308.09,55.0,993.0,4.12,130.0
2025-06-27 21:00:00,501.91,0.0,5.61,60.32,0.61,21.07,74.43,38.92,308.09,55.0,993.0,4.12,130.0
2025-06-28 20:00:00,231.57,0.0,2.41,70.33,0.5,22.16,81.45,24.6,308.09,55.0,993.0,4.12,130.0
2025-06-29 05:00:00,175.68,0.15,0.86,85.24,3.19,16.06,57.26,8.87,308.09,55.0,993.0,4.12,130.0
2025-07-01 13:00:00,136.74,0.1,1.45,68.14,0.59,20.07,72.42,5.57,308.09,55.0,993.0,4.12,130.0
2025-07-01 04:00:00,147.63,0.55,2.28,44.69,3.17,32.73,133.13,7.81,308.09,55.0,993.0,4.12,130.0
2025-07-01 09:00:00,133.11,0.11,0.58,73.56,0.97,25.09,85.53,4.39,308.09,55.0,993.0,4.12,130.0
2025-06-27 00:00:00,350.44,0.0,6.81,39.19,2.84,35.13,89.61,35.94,308.09,55.0,993.0,4.12,130.0
2025-06-30 00:00:00,121.17,0.0,2.07,53.53,4.12,16.96,70.95,12.04,308.09,55.0,993.0,4.12,130.0
2025-06-30 21:00:00,161.38,0.0,1.42,80.05,2.84,25.47,93.55,12.8,308.09,55.0,993.0,4.12,130.0
2025-06-30 05:00:00,137.31,0.26,1.22,63.96,3.16,24.17,87.96,10.43,308.09,55.0,993.0,4.12,130.0
2025-06-28 23:00:00,226.08,0.0,3.06,63.92,4.44,22.27,79.77,27.01,308.09,55.0,993.0,4.12,130.0
2025-06-29 15:00:00,144.69,0.0,1.48,74.72,1.9,17.85,57.44,9.28,308.09,55.0,993.0,4.12,130.0
2025-07-01 02:00:00,143.47,0.08,2.67,44.68,4.13,32.77,131.94,9.72,308.09,55.0,993.0,4.12,130.0
2025-06-28 04:00:00,425.52,0.33,3.07,63.44,0.49,25.89,110.15,26.31,308.09,55.0,993.0,4.12,130.0
2025-07-01 11:00:00,131.65,0.11,0.67,73.79,0.77,23.27,80.52,4.58,308.09,55.0,993.0,4.12,130.0
2025-06-28 19:00:00,245.4,0.0,2.62,70.83,0.47,21.91,78.92,24.3,308.09,55.0,993.0,4.12,130.0
2025-07-01 07:00:00,137.17,0.15,0.8,72.57,1.75,32.08,111.55,5.27,308.09,55.0,993.0,4.12,130.0
2025-07-01 16:00:00,150.92,0.0,2.49,59.48,0.58,19.41,73.78,8.97,308.09,55.0,993.0,4.12,130.0
2025-06-30 11:00:00,129.62,0.09,0.51,70.2,0.76,16.63,55.97,6.18,308.09,55.0,993.0,4.12,130.0
2025-06-27 09:00:00,421.53,0.02,1.83,98.1,1.73,11.95,27.39,11.55,308.09,55.0,993.0,4.12,130.0
2025-06-29 03:00:00,220.46,0.45,2.99,61.86,5.85,22.93,92.55,21.4,308.09,55.0,993.0,4.12,130.0
2025-06-28 14:00:00,278.7,0.07,3.09,76.0,0.46,15.85,45.36,20.07,308.09,55.0,993.0,4.12,130.0
2025-06-27 15:00:00,529.45,0.0,7.42,73.73,1.51,16.78,45.76,35.25,308.09,55.0,993.0,4.12,130.0
2025-06-29 12:00:00,127.21,0.1,0.65,75.86,1.24,16.58,57.57,8.05,308.09,55.0,993.0,4.12,130.0
2025-06-27 22:00:00,473.19,0.0,4.32,61.75,0.53,20.95,78.2,34.43,308.09,55.0,993.0,4.12,130.0
2025-06-26 20:00:00,308.5,0.0,6.96,46.5,2.98,27.62,69.88,33.41,308.09,55.0,993.0,4.12,130.0
2025-06-30 16:00:00,147.91,0.0,1.72,59.33,0.5,16.11,64.05,13.18,308.09,55.0,993.0,4.12,130.0
2025-06-27 06:00:00,372.08,0.1,3.85,66.08,2.26,30.79,90.88,24.19,308.09,55.0,993.0,4.12,130.0
2025-06-30 17:00:00,148.98,0.0,1.64,60.06,0.57,17.02,68.44,13.56,308.09,55.0,993.0,4.12,130.0
2025-06-26 23:00:00,340.5,0.0,6.91,40.8,3.14,33.68,84.16,36.08,308.09,55.0,993.0,4.12,130.0
2025-06-28 17:00:00,287.29,0.0,3.66,67.29,0.63,20.3,65.0,28.47,308.09,55.0,993.0,4.12,130.0
2025-06-29 18:00:00,147.82,0.0,1.47,72.53,1.66,12.06,49.96,9.54,308.09,55.0,993.0,4.12,130.0
2025-06-29 01:00:00,222.9,0.0,3.33,59.57,6.55,23.03,87.05,25.11,308.09,55.0,993.0,4.12,130.0
2025-06-29 08:00:00,151.12,0.08,0.41,81.98,1.51,13.69,43.52,6.88,308.09,55.0,993.0,4.12,130.0
2025-06-28 05:00:00,404.9,0.26,2.4,73.6,0.53,28.89,119.98,25.2,308.09,55.0,993.0,4.12,130.0
2025-06-28 21:00:00,225.27,0.0,2.44,68.83,1.07,22.2,81.51,25.6,308.09,55.0,993.0,4.12,130.0
2025-06-28 02:00:00,464.06,0.16,4.1,50.7,0.43,22.97,87.74,31.34,308.09,55.0,993.0,4.12,130.0
2025-06-29 22:00:00,120.78,0.0,1.73,59.64,2.93,13.04,60.75,10.81,308.09,55.0,993.0,4.12,130.0
2025-07-01 21:00:00,139.16,0.0,1.55,75.49,2.44,30.62,110.23,7.99,308.09,55.0,993.0,4.12,130.0
2025-06-26 21:00:00,318.51,0.0,6.97,44.04,3.14,29.69,74.23,34.5,308.09,55.0,993.0,4.12,130.0
2025-06-30 03:00:00,130.85,0.35,2.17,48.26,3.99,20.48,80.99,11.54,308.09,55.0,993.0,4.12,130.0
2025-06-30 14:00:00,141.0,0.03,1.57,62.56,0.53,15.21,56.51,10.06,308.09,55.0,993.0,4.12,130.0
2025-07-01 14:00:00,146.24,0.03,2.27,63.52,0.58,19.36,71.21,7.16,308.09,55.0,993.0,4.12,130.0
2025-06-29 06:00:00,165.56,0.11,0.63,87.35,2.65,15.89,52.84,8.28,308.09,55.0,993.0,4.12,130.0
2025-06-28 07:00:00,325.4,0.09,0.93,92.02,0.49,24.24,82.5,12.49,308.09,55.0,993.0,4.12,130.0
2025-06-29 13:00:00,130.2,0.09,0.93,76.18,1.42,17.94,60.32,8.64,308.09,55.0,993.0,4.12,130.0
2025-06-30 08:00:00,135.84,0.09,0.49,74.68,1.36,20.57,67.76,6.69,308.09,55.0,993.0,4.12,130.0
2025-06-30 12:00:00,128.81,0.09,0.65,68.14,0.63,15.55,53.99,6.33,308.09,55.0,993.0,4.12,130.0
2025-06-28 12:00:00,252.44,0.1,0.92,85.79,0.31,13.82,38.96,9.19,308.09,55.0,993.0,4.12,130.0
2025-06-29 10:00:00,136.07,0.08,0.4,76.51,1.08,13.73,46.89,6.85,308.09,55.0,993.0,4.12,130.0
2025-07-01 00:00:00,148.66,0.0,2.02,61.75,4.89,31.97,124.32,13.24,308.09,55.0,993.0,4.12,130.0
2025-06-27 07:00:00,403.32,0.04,2.5,85.59,2.1,19.85,53.41,16.14,308.09,55.0,993.0,4.12,130.0
2025-06-27 13:00:00,458.52,0.11,3.76,95.44,1.49,13.76,35.91,18.61,308.09,55.0,993.0,4.12,130.0
2025-06-28 00:00:00,449.1,0.0,3.6,59.43,0.4,21.93,86.28,30.28,308.09,55.0,993.0,4.12,130.0
2025-06-27 18:00:00,556.55,0.0,8.01,61.33,1.16,19.99,60.24,43.67,308.09,55.0,993.0,4.12,130.0
2025-06-26 19:00:00,298.84,0.0,6.82,49.78,3.04,26.05,66.72,33.42,308.09,55.0,993.0,4.12,130.0
2025-06-29 16:00:00,148.17,0.0,1.5,73.41,1.92,15.73,52.76,9.13,308.09,55.0,993.0,4.12,130.0
2025-06-27 03:00:00,404.32,0.37,7.06,39.87,2.55,0.0,0.0,32.17,308.09,55.0,993.0,4.12,130.0
2025-07-01 23:33:58,152.2,0.0,2.13,71.38,5.12,34.14,122.96,9.08,33.0,62.0,994.0,2.06,130.0
2025-07-02 00:52:34,154.06,0.0,2.38,64.94,5.49,33.51,122.32,8.87,32.0,66.0,995.0,0.0,0.0
2025-07-02 02:42:45,163.51,0.33,2.92,53.83,5.24,31.9,121.68,7.89,34.0,59.0,996.0,3.09,230.0
2025-07-02 03:44:55,163.74,0.47,2.43,56.49,4.58,31.42,120.28,7.3,34.0,59.0,996.0,4.12,230.0
2025-07-02 04:21:12,163.74,0.47,2.43,56.49,4.58,31.42,120.28,7.3,34.0,59.0,996.0,4.12,230.0
2025-07-02 05:13:52,162.09,0.35,1.77,65.5,3.86,32.76,120.49,7.1,35.0,55.0,996.0,5.14,230.0
2025-07-02 06:16:29,161.96,0.24,1.31,75.59,3.31,36.64,126.25,7.37,36.0,49.0,996.0,4.12,230.0
2025-07-02 07:11:45,155.64,0.17,0.93,81.16,2.59,35.03,115.01,6.33,36.0,49.0,995.0,4.12,230.0
2025-07-02 08:15:07,148.7,0.13,0.73,80.84,1.91,31.09,99.66,5.39,37.0,49.0,995.0,0.0,0.0
2025-07-02 09:13:25,145.95,0.12,0.69,80.09,1.53,29.65,94.64,5.16,40.0,47.0,994.0,2.06,310.0
2025-07-02 10:11:59,146.22,0.12,0.68,80.01,1.29,28.91,92.98,5.14,40.0,44.0,994.0,4.12,310.0
2025-07-02 11:09:59,145.18,0.11,0.71,76.93,1.04,26.69,88.81,4.98,40.0,44.0,993.0,2.06,360.0
2025-07-02 12:20:05,144.32,0.11,0.84,73.22,0.86,24.42,85.39,4.8,39.0,50.0,993.0,2.06,360.0
2025-07-02 13:26:33,197.97,0.29,4.19,63.0,0.99,26.68,98.51,12.05,38.0,50.0,994.0,3.09,360.0
2025-07-02 14:11:00,274.48,0.14,8.98,48.28,1.23,28.38,97.55,21.26,36.0,56.0,994.0,6.17,180.0
2025-07-02 15:11:24,335.26,0.0,11.78,39.15,1.46,29.98,97.36,28.86,35.0,63.0,994.0,0.0,0.0
2025-07-02 16:12:48,365.15,0.0,12.61,34.57,1.55,30.95,97.01,33.1,35.0,63.0,995.0,3.09,180.0
2025-07-02 17:10:44,379.5,0.0,12.43,31.85,1.53,31.71,97.55,32.69,35.0,63.0,995.0,2.06,180.0
2025-07-02 18:14:56,379.56,0.0,12.0,30.9,1.43,31.78,97.16,31.54,35.0,59.0,995.0,2.06,180.0
2025-07-02 19:08:08,322.52,0.0,9.53,36.6,1.16,29.99,98.72,25.92,34.0,62.0,995.0,0.0,0.0
2025-07-02 20:11:31,282.16,0.0,7.81,40.32,1.08,29.21,99.26,23.27,34.0,62.0,995.0,0.0,0.0
2025-07-02 21:09:46,251.4,0.0,6.51,44.31,1.34,29.21,101.3,21.45,34.0,62.0,995.0,0.0,0.0
2025-07-02 22:10:21,228.34,0.0,5.66,47.85,1.99,29.72,102.75,19.81,33.0,62.0,995.0,0.0,0.0
2025-07-02 23:10:58,224.45,0.0,5.65,47.38,2.42,30.82,102.7,20.69,33.0,62.0,995.0,0.0,0.0
2025-07-03 00:52:09,228.12,0.0,5.88,43.96,2.46,33.31,106.57,22.16,33.0,62.0,996.0,0.0,0.0
2025-07-03 02:44:48,254.64,0.89,5.78,47.63,3.6,37.48,121.47,19.27,35.0,55.0,997.0,0.0,0.0
2025-07-03 03:46:47,216.66,0.66,3.51,67.98,5.79,40.38,132.72,13.14,36.0,52.0,998.0,2.06,180.0
2025-07-03 04:23:16,216.66,0.66,3.51,67.98,5.79,40.38,132.72,13.14,36.0,52.0,998.0,2.06,180.0
2025-07-03 05:15:00,210.61,0.41,2.4,85.23,6.33,45.51,137.72,12.18,37.0,49.0,997.0,0.0,0.0
2025-07-03 06:16:19,214.95,0.27,1.75,102.13,6.49,52.48,140.52,12.36,38.0,50.0,997.0,2.06,230.0
2025-07-03 07:12:16,192.17,0.16,1.08,104.3,5.48,48.08,121.72,9.11,40.0,44.0,997.0,4.12,230.0
2025-07-03 08:14:44,179.69,0.11,0.85,100.36,4.21,41.87,103.25,7.4,40.0,44.0,996.0,4.12,180.0
2025-07-03 09:12:36,185.12,0.09,0.88,102.39,3.97,41.09,95.23,7.32,40.0,44.0,995.0,3.09,230.0
2025-07-03 10:12:01,201.41,0.1,1.08,106.86,4.06,43.08,92.18,7.94,40.0,44.0,995.0,2.06,230.0
2025-07-03 11:09:38,220.03,0.12,1.45,109.12,4.11,45.54,90.78,8.99,35.0,55.0,995.0,7.72,360.0
2025-07-03 12:20:16,238.82,0.13,2.03,109.27,4.08,47.56,90.25,9.95,34.0,52.0,995.0,2.06,310.0
2025-07-03 13:24:52,268.55,0.1,3.63,104.05,3.96,49.26,89.62,12.27,34.0,52.0,996.0,2.06,360.0
2025-07-03 14:10:56,299.92,0.02,5.47,93.81,3.64,50.14,89.97,15.3,34.0,52.0,995.0,0.0,0.0
2025-07-03 15:11:28,313.93,0.0,6.04,84.38,3.19,49.44,90.13,17.21,34.0,52.0,995.0,0.0,0.0
2025-07-03 16:13:12,405.9,0.0,11.27,66.58,2.9,45.92,86.91,27.06,34.0,59.0,996.0,0.0,0.0
2025-07-03 17:10:49,421.92,0.0,11.43,59.75,2.67,46.02,88.37,28.49,34.0,66.0,996.0,0.0,0.0
2025-07-03 18:14:20,412.0,0.0,10.97,54.16,2.3,44.54,90.6,27.92,33.0,66.0,996.0,0.0,0.0
2025-07-03 19:08:07,355.86,0.0,8.96,52.08,1.73,40.92,94.72,23.68,33.0,70.0,996.0,0.0,0.0
2025-07-03 20:11:01,313.29,0.0,7.64,49.71,1.47,39.19,100.72,21.56,33.0,70.0,995.0,0.0,0.0
2025-07-03 21:09:47,281.32,0.0,6.77,48.94,1.85,39.45,110.49,20.41,33.0,70.0,995.0,0.0,0.0
2025-07-03 22:10:16,214.17,0.0,4.34,55.02,3.49,39.46,125.68,15.64,33.0,70.0,996.0,0.0,0.0
2025-07-03 23:10:23,186.38,0.0,3.68,59.06,5.04,41.63,137.51,13.88,33.0,70.0,996.0,0.0,0.0
2025-07-04 00:51:58,173.65,0.0,3.31,63.3,5.98,46.66,154.04,12.85,32.0,74.0,997.0,2.06,180.0
2025-07-04 02:42:31,195.07,0.33,3.82,62.03,6.48,50.13,163.11,11.79,32.0,74.0,999.0,2.06,180.0
2025-07-04 03:43:02,205.52,0.5,3.46,67.22,6.95,51.93,165.73,10.98,33.0,70.0,999.0,3.09,230.0
2025-07-04 04:21:01,205.52,0.5,3.46,67.22,6.95,51.93,165.73,10.98,34.0,66.0,999.0,4.12,230.0
2025-07-04 05:14:05,209.95,0.4,2.71,79.13,7.28,55.41,168.58,10.28,35.0,63.0,998.0,4.12,230.0
2025-07-04 06:16:21,209.32,0.26,2.0,92.5,7.43,60.11,171.76,9.44,40.66,33.0,998.0,3.19,132.0
2025-07-04 07:12:08,195.77,0.13,1.04,100.92,5.97,50.81,131.11,6.38,38.0,50.0,997.0,5.14,230.0
2025-07-04 08:14:57,203.38,0.1,0.76,103.83,4.32,47.34,109.33,5.93,40.0,44.0,996.0,5.14,230.0
2025-07-04 09:12:03,206.48,0.09,0.72,103.39,3.55,46.09,102.37,5.96,41.0,42.0,995.0,4.12,230.0
2025-07-04 10:11:48,210.53,0.09,0.76,103.4,3.14,45.84,100.21,6.11,41.0,42.0,994.0,4.12,180.0
2025-07-04 11:09:51,210.65,0.07,0.88,101.89,2.89,45.37,99.49,6.28,40.0,44.0,994.0,4.12,230.0
2025-07-04 12:19:52,210.59,0.05,1.13,99.67,2.67,44.66,99.64,6.45,40.0,44.0,994.0,3.09,230.0
2025-07-04 13:25:15,225.55,0.04,2.43,92.31,2.5,44.56,100.59,8.61,38.0,47.0,994.0,4.12,230.0
2025-07-04 14:10:44,288.78,0.05,5.92,78.31,1.76,44.08,102.62,14.47,37.0,49.0,994.0,5.14,230.0
2025-07-04 15:10:25,308.9,0.0,6.91,71.02,1.68,44.4,105.08,17.1,36.0,52.0,994.0,3.09,230.0
2025-07-04 16:12:07,308.76,0.0,6.83,65.95,1.47,42.3,102.9,18.16,37.0,49.0,994.0,3.09,230.0
2025-07-04 17:09:15,295.53,0.0,6.09,63.04,1.19,38.73,98.88,17.73,37.0,49.0,995.0,3.09,230.0
2025-07-04 18:14:10,269.21,0.0,5.08,61.62,0.99,34.01,94.52,16.15,37.0,49.0,995.0,3.09,230.0
2025-07-04 19:08:11,207.19,0.0,2.87,64.7,1.68,27.01,92.08,10.48,36.0,56.0,995.0,2.06,270.0
2025-07-04 20:11:21,184.76,0.0,2.51,62.73,2.88,23.53,91.26,9.25,37.71,40.0,995.0,6.94,217.0
2025-07-04 21:10:13,174.17,0.0,2.48,59.96,3.85,21.9,92.46,9.01,36.0,56.0,995.0,3.09,230.0
2025-07-04 22:10:30,168.97,0.0,2.51,57.05,4.38,20.98,92.84,8.94,36.0,56.0,995.0,2.06,230.0
2025-07-04 23:10:16,168.0,0.0,2.52,54.29,4.24,20.55,93.42,8.95,34.0,62.0,995.0,2.06,180.0
2025-07-05 00:49:39,173.49,0.0,2.63,47.69,3.47,21.37,95.5,8.49,34.0,62.0,996.0,3.09,180.0
2025-07-05 02:29:24,181.8,0.11,2.89,44.43,3.46,22.93,98.16,7.98,36.47,42.0,996.0,5.56,208.0
2025-07-05 03:39:29,199.3,0.52,2.56,52.05,3.64,28.61,106.81,7.06,35.0,59.0,997.0,5.14,270.0
2025-07-05 04:15:40,199.3,0.52,2.56,52.05,3.64,28.61,106.81,7.06,36.0,56.0,997.0,5.14,230.0
2025-07-05 05:10:39,200.04,0.36,2.04,64.91,3.6,33.56,113.64,6.74,37.0,49.0,996.0,5.14,230.0
2025-07-05 06:14:14,198.59,0.25,1.51,78.94,3.52,39.81,120.83,6.49,38.0,47.0,996.0,5.14,230.0
2025-07-05 07:09:52,191.89,0.13,0.84,88.09,2.82,35.99,98.56,4.7,40.0,44.0,994.0,4.12,230.0
2025-07-05 08:13:09,190.62,0.08,0.65,88.31,2.23,34.3,88.38,4.29,41.0,40.0,993.0,4.12,230.0
2025-07-05 09:10:10,190.51,0.08,0.64,86.82,1.87,32.84,83.08,4.31,42.0,37.0,992.0,4.12,230.0
2025-07-05 10:10:04,192.46,0.08,0.65,86.79,1.61,31.57,79.43,4.46,42.0,37.0,991.0,5.14,230.0
2025-07-05 11:08:26,193.01,0.09,0.7,86.24,1.4,30.09,76.06,4.65,42.0,40.0,991.0,5.14,230.0
2025-07-05 12:17:37,193.71,0.09,0.85,85.2,1.22,28.54,73.29,4.85,41.0,42.0,990.0,5.14,230.0
2025-07-05 13:20:44,204.07,0.05,1.5,85.56,1.97,28.14,71.53,5.59,41.0,42.0,990.0,5.14,270.0
2025-07-05 14:09:20,209.2,0.01,2.21,81.47,2.12,26.75,70.77,6.98,40.0,44.0,991.0,5.14,230.0
2025-07-05 15:09:17,209.56,0.0,2.52,78.21,2.28,25.35,70.91,8.02,38.0,47.0,991.0,5.14,230.0
2025-07-05 16:11:34,201.48,0.0,2.45,74.36,2.28,23.94,72.25,8.33,37.0,47.0,992.0,5.14,230.0
2025-07-05 17:08:59,187.72,0.0,2.17,70.07,2.19,23.26,76.54,8.01,37.0,47.0,993.0,4.12,230.0
2025-07-05 18:12:39,172.39,0.0,1.91,66.11,2.06,23.11,81.1,7.56,36.0,56.0,993.0,4.12,230.0
2025-07-05 19:08:12,155.94,0.0,1.59,63.76,1.89,22.41,82.15,6.73,36.0,52.0,993.0,4.12,230.0
2025-07-05 20:10:28,148.09,0.0,1.47,62.68,1.74,21.84,82.99,6.85,35.0,59.0,993.0,3.09,230.0
2025-07-05 21:10:13,144.89,0.0,1.49,61.81,1.7,21.12,83.48,7.27,35.0,63.0,993.0,2.06,180.0
2025-07-05 22:09:17,143.83,0.0,1.6,60.2,1.93,20.18,83.03,7.73,37.29,40.0,992.0,8.06,224.0
2025-07-05 23:10:14,144.76,0.0,1.78,57.86,2.34,19.6,83.98,8.24,34.0,62.0,992.0,7.2,230.0
2025-07-06 00:57:19,147.36,0.0,2.19,49.71,3.04,20.52,92.2,8.71,34.0,62.0,994.0,7.2,230.0
2025-07-06 02:53:50,155.3,0.33,2.51,44.34,3.6,25.71,110.5,8.07,34.0,62.0,995.0,9.26,230.0
2025-07-06 03:50:58,156.03,0.45,2.1,48.84,3.57,29.63,121.45,7.61,34.0,62.0,995.0,9.26,230.0
2025-07-06 04:25:15,156.03,0.45,2.1,48.84,3.57,29.63,121.45,7.61,35.0,59.0,995.0,8.23,230.0
2025-07-06 05:11:38,153.61,0.35,1.59,57.78,3.28,34.28,131.52,7.23,36.0,56.0,996.0,7.2,230.0
2025-07-06 06:14:29,150.2,0.25,1.16,66.81,2.87,39.02,139.76,6.82,37.0,53.0,995.0,7.2,230.0
2025-07-06 07:09:47,148.79,0.17,0.82,72.54,2.17,36.18,121.59,5.48,37.0,53.0,995.0,7.2,230.0
2025-07-06 08:12:50,148.69,0.13,0.65,73.88,1.62,31.85,103.7,4.53,38.0,50.0,995.0,7.2,230.0
2025-07-06 09:09:55,147.1,0.11,0.58,74.36,1.34,30.82,100.32,4.2,39.0,44.0,994.0,7.2,230.0
2025-07-06 10:10:45,150.85,0.06,0.67,73.26,1.07,28.48,92.84,3.88,39.0,47.0,993.0,17.49,360.0
2025-07-06 11:08:27,153.19,0.04,0.8,70.73,0.89,26.03,86.26,3.85,44.45,30.0,991.0,6.29,193.0
2025-07-06 12:17:53,152.9,0.03,1.01,67.85,0.78,24.38,83.44,3.94,44.13,25.0,991.0,6.16,184.0
2025-07-06 13:21:11,177.39,0.09,1.54,71.36,1.34,22.18,72.39,5.38,42.17,72.0,994.0,6.24,182.0
2025-07-06 14:08:50,189.44,0.04,2.61,64.84,1.33,22.91,76.09,8.18,41.38,67.0,994.0,5.92,181.0
2025-07-06 15:09:26,196.75,0.0,3.22,60.26,1.35,23.81,80.74,10.45,28.0,78.0,993.0,3.09,130.0
2025-07-06 16:11:12,195.57,0.0,3.35,56.92,1.3,24.36,84.61,11.73,28.0,78.0,993.0,3.09,50.0
2025-07-06 17:08:56,189.18,0.0,3.19,55.12,1.31,25.14,89.66,11.95,28.0,78.0,994.0,0.0,0.0
2025-07-06 18:13:08,177.42,0.0,2.9,54.81,1.46,26.0,94.6,11.36,28.0,78.0,994.0,4.12,180.0
2025-07-06 19:07:58,156.1,0.0,2.3,56.3,1.66,26.2,97.81,9.26,28.0,78.0,994.0,2.06,180.0
2025-07-06 20:11:20,143.76,0.0,1.97,57.3,1.8,25.9,96.4,8.4,28.0,78.0,993.0,3.09,230.0
2025-07-06 21:08:59,136.39,0.0,1.77,58.38,1.89,25.59,93.76,7.98,28.0,78.0,993.0,0.0,0.0
2025-07-06 22:09:43,131.15,0.0,1.68,59.38,2.1,26.19,93.5,7.62,28.0,78.0,993.0,0.0,0.0
2025-07-06 23:10:04,128.38,0.0,1.74,60.52,2.47,29.04,101.87,7.63,28.0,78.0,993.0,0.0,0.0
2025-07-07 00:56:36,124.75,0.0,2.02,59.49,3.38,39.28,142.86,7.26,28.0,78.0,993.0,3.09,130.0
2025-07-07 02:50:47,133.32,0.26,2.41,57.21,3.96,48.85,190.9,6.67,28.0,78.0,995.0,2.06,130.0
2025-07-07 03:50:19,135.94,0.37,2.02,60.65,3.81,51.02,201.82,6.31,30.0,74.0,995.0,0.0,0.0
2025-07-07 04:26:14,135.94,0.37,2.02,60.65,3.81,51.02,201.82,6.31,30.0,74.0,995.0,0.0,0.0
2025-07-07 05:14:44,135.55,0.29,1.44,67.48,3.37,51.76,202.06,6.08,31.0,70.0,995.0,4.12,230.0
2025-07-07 06:17:02,133.99,0.2,1.02,73.38,2.81,51.82,196.14,5.88,31.0,70.0,995.0,3.09,230.0
2025-07-07 07:13:32,132.49,0.14,0.74,77.12,2.12,44.69,162.12,4.75,34.0,62.0,995.0,3.09,230.0
2025-07-07 08:16:20,130.57,0.12,0.6,75.8,1.43,36.31,128.9,4.08,35.0,59.0,995.0,4.12,230.0
2025-07-07 09:14:17,128.66,0.11,0.55,73.21,0.97,30.71,109.18,3.77,36.0,56.0,994.0,5.14,270.0
2025-07-07 10:12:22,128.87,0.1,0.53,70.85,0.67,25.7,92.9,3.47,37.0,53.0,993.0,5.14,270.0
2025-07-07 11:09:44,128.89,0.1,0.61,69.21,0.51,22.35,82.93,3.54,37.0,53.0,992.0,3.09,230.0
2025-07-07 12:20:15,130.4,0.1,0.81,67.64,0.42,19.65,74.36,3.76,37.0,53.0,992.0,3.09,270.0
2025-07-07 13:27:08,200.29,0.0,3.75,58.79,0.73,15.49,54.59,9.3,36.0,56.0,992.0,4.12,230.0
2025-07-07 14:11:17,252.43,0.0,6.65,46.48,0.88,16.66,56.14,15.94,35.0,63.0,992.0,5.14,270.0
2025-07-07 15:09:36,294.66,0.0,8.29,39.67,1.0,17.94,58.75,20.71,34.0,62.0,993.0,4.12,270.0
2025-07-07 16:13:11,315.93,0.0,8.78,35.92,1.01,18.8,61.48,23.32,34.0,62.0,994.0,6.17,230.0
2025-07-07 17:10:04,316.75,0.0,8.31,34.73,0.96,19.32,64.57,23.13,33.0,62.0,994.0,7.2,230.0
2025-07-07 18:14:56,296.49,0.0,7.27,36.0,0.84,19.43,69.23,21.33,32.0,66.0,995.0,7.2,230.0
2025-07-07 19:08:38,225.18,0.0,4.47,44.74,0.53,18.6,82.03,14.34,31.0,70.0,995.0,4.12,230.0
2025-07-07 20:12:02,202.96,0.0,3.78,44.89,0.43,18.72,87.56,13.42,30.0,70.0,995.0,4.12,230.0
2025-07-07 21:09:49,187.91,0.0,3.43,44.05,0.55,18.9,90.36,13.19,36.65,41.0,995.0,6.06,207.0
2025-07-07 22:10:25,166.97,0.0,3.15,44.07,1.51,18.84,91.83,11.8,30.0,70.0,995.0,2.06,180.0
2025-07-07 23:10:27,147.84,0.0,3.1,44.6,3.06,18.93,93.91,10.77,30.0,70.0,995.0,4.12,180.0
2025-07-08 00:52:21,126.05,0.0,3.0,46.21,4.85,19.7,100.32,9.67,30.0,74.0,995.0,4.12,180.0
2025-07-08 02:44:13,131.66,0.39,2.76,50.13,4.59,21.78,106.44,9.02,30.0,74.0,996.0,4.12,180.0
2025-07-08 03:44:55,134.85,0.46,2.25,57.61,4.21,23.94,110.08,8.6,32.0,66.0,996.0,4.12,230.0
2025-07-08 04:21:35,134.85,0.46,2.25,57.61,4.21,23.94,110.08,8.6,33.0,62.0,996.0,3.09,230.0
2025-07-08 05:13:11,136.13,0.32,1.65,69.15,3.84,27.55,113.76,8.19,33.0,66.0,996.0,5.14,230.0
2025-07-08 06:16:25,136.24,0.21,1.17,79.5,3.57,32.4,117.14,7.67,34.0,62.0,996.0,4.12,230.0
2025-07-08 07:12:28,128.99,0.12,0.68,77.98,2.47,24.66,80.13,4.72,36.0,56.0,996.0,6.17,230.0
2025-07-08 08:15:26,130.45,0.09,0.55,74.04,1.62,19.22,60.22,3.51,37.0,56.0,995.0,6.17,270.0
2025-07-08 09:13:26,131.07,0.08,0.56,72.26,1.24,17.26,54.41,3.2,38.0,50.0,994.0,7.2,270.0
2025-07-08 10:11:52,131.14,0.07,0.62,70.84,1.0,16.07,51.67,3.1,38.0,50.0,993.0,9.26,270.0
2025-07-08 11:10:10,129.16,0.05,0.74,68.91,0.86,15.86,52.22,3.17,39.0,47.0,993.0,7.2,230.0
2025-07-08 12:20:48,128.02,0.03,0.96,66.35,0.73,15.25,51.97,3.29,34.0,70.0,993.0,8.23,310.0
2025-07-08 13:27:46,140.37,0.01,1.95,66.51,1.81,17.99,55.71,5.03,34.0,70.0,994.0,5.14,230.0
2025-07-08 14:11:07,149.9,0.0,2.76,62.74,1.94,19.07,60.42,7.1,33.0,75.0,994.0,0.0,0.0
2025-07-08 15:11:11,157.12,0.0,3.26,60.1,2.06,20.5,66.95,8.88,33.0,75.0,994.0,5.14,130.0
2025-07-08 16:13:24,158.77,0.0,3.31,57.48,1.99,21.6,73.51,9.85,32.0,74.0,994.0,4.12,130.0
2025-07-08 17:10:43,156.32,0.0,3.13,56.06,1.96,22.73,81.1,9.98,32.0,70.0,995.0,3.09,180.0
2025-07-08 18:14:59,151.84,0.0,3.0,55.13,2.07,23.63,87.94,9.79,31.0,70.0,995.0,3.09,180.0
2025-07-08 19:08:47,144.11,0.0,2.8,54.48,2.17,23.77,91.7,9.43,31.0,70.0,996.0,3.09,180.0
2025-07-08 20:11:53,137.68,0.0,2.6,53.84,2.06,23.78,93.83,9.55,30.0,74.0,995.0,4.12,180.0
2025-07-08 21:10:16,131.74,0.0,2.38,53.21,1.82,23.93,95.8,9.79,31.0,74.0,995.0,4.12,180.0
2025-07-08 22:10:31,126.32,0.0,2.23,52.33,1.68,24.43,98.19,10.04,31.0,74.0,995.0,2.06,180.0
2025-07-08 23:10:30,122.77,0.0,2.14,52.0,1.74,25.63,102.15,10.18,31.0,74.0,994.0,3.09,180.0
2025-07-09 00:53:35,123.53,0.0,2.15,53.09,2.32,29.46,113.65,10.01,30.0,79.0,996.0,4.12,180.0
2025-07-09 02:46:06,144.0,0.16,2.6,56.13,3.12,35.44,133.01,8.85,31.0,70.0,997.0,4.12,180.0
2025-07-09 03:48:08,152.2,0.27,2.31,60.3,3.33,39.02,143.79,7.94,32.0,70.0,997.0,4.12,230.0
2025-07-09 04:25:31,152.2,0.27,2.31,60.3,3.33,39.02,143.79,7.94,34.0,59.0,997.0,4.12,230.0
2025-07-09 05:16:31,156.38,0.26,1.72,67.81,3.3,42.44,151.67,7.26,35.0,55.0,997.0,4.12,230.0
2025-07-09 06:16:22,158.01,0.19,1.2,77.0,3.15,46.06,156.36,6.38,35.0,55.0,997.0,8.23,230.0
2025-07-09 07:12:47,156.25,0.11,0.8,86.83,2.64,43.68,133.95,4.15,36.0,52.0,996.0,7.2,230.0
2025-07-09 08:15:02,153.81,0.07,0.71,86.27,1.99,39.52,118.45,3.38,36.0,52.0,995.0,8.23,230.0
2025-07-09 09:13:44,151.72,0.05,0.78,84.16,1.71,37.35,111.87,3.28,37.0,49.0,994.0,8.23,230.0
2025-07-09 10:11:44,151.53,0.03,0.93,82.76,1.58,35.0,104.92,3.35,38.0,47.0,994.0,8.23,230.0
2025-07-09 11:10:10,149.78,0.03,1.03,79.79,1.46,29.96,89.91,3.42,38.0,47.0,993.0,8.23,230.0
2025-07-09 12:20:29,147.69,0.04,1.18,76.55,1.38,25.52,77.37,3.47,39.0,42.0,993.0,8.23,230.0
2025-07-09 13:27:26,154.62,0.04,1.91,71.02,1.34,22.96,70.23,4.87,38.0,44.0,993.0,7.2,230.0
2025-07-09 14:10:54,160.69,0.01,2.53,64.88,1.07,24.31,80.58,6.6,37.0,47.0,994.0,9.26,50.0
2025-07-09 15:11:22,167.79,0.0,3.0,60.77,1.18,24.02,82.87,8.31,32.0,55.0,994.0,7.2,50.0
2025-07-09 16:10:46,166.66,0.0,2.97,57.18,1.19,23.35,85.09,9.05,30.0,66.0,994.0,4.12,130.0
2025-07-09 17:12:17,161.27,0.0,2.65,54.85,1.13,22.76,88.54,8.88,30.0,62.0,995.0,3.09,230.0
2025-07-09 18:14:51,153.35,0.0,2.34,53.51,1.05,22.49,91.93,8.4,31.0,62.0,996.0,5.14,230.0
2025-07-09 19:09:22,140.51,0.0,1.9,53.99,0.94,22.6,94.47,7.44,30.0,66.0,996.0,6.17,270.0
2025-07-09 20:11:43,133.66,0.0,1.64,54.98,0.87,23.7,99.52,7.38,30.0,66.0,996.0,6.17,130.0
2025-07-09 21:10:03,128.82,0.0,1.48,56.58,0.95,24.78,103.82,7.4,30.0,66.0,996.0,3.09,130.0
2025-07-09 22:10:48,125.04,0.0,1.45,58.21,1.34,25.3,103.88,7.26,30.0,74.0,996.0,0.0,0.0
2025-07-09 23:10:37,124.01,0.0,1.56,59.24,1.78,25.78,104.75,7.47,36.09,40.0,996.0,8.6,214.0
2025-07-10 00:53:04,125.82,0.0,2.02,56.33,3.12,25.48,97.1,7.75,34.35,47.0,997.0,6.64,213.0
2025-07-10 02:45:51,148.22,0.31,3.06,48.67,3.29,26.13,91.0,6.95,35.87,45.0,998.0,6.94,210.0
2025-07-10 03:47:43,155.35,0.51,2.84,50.1,2.79,28.95,104.1,6.89,31.0,70.0,998.0,0.0,0.0
2025-07-10 04:23:33,155.35,0.51,2.84,50.1,2.79,28.95,104.1,6.89,32.0,66.0,998.0,0.0,0.0
2025-07-10 05:15:07,155.59,0.39,2.39,57.16,2.51,32.12,117.09,7.65,33.0,62.0,998.0,3.09,90.0
2025-07-10 06:16:49,153.8,0.25,1.96,64.9,2.31,34.87,125.43,7.84,33.0,62.0,998.0,4.12,90.0
2025-07-10 07:12:53,144.91,0.13,1.4,71.54,1.94,32.63,118.16,6.05,35.0,59.0,997.0,4.12,130.0
2025-07-10 08:15:05,142.04,0.13,1.04,73.58,1.43,30.06,111.23,5.19,35.0,55.0,996.0,3.09,130.0
2025-07-10 09:14:00,140.7,0.12,0.92,74.46,1.16,30.06,113.1,5.12,36.0,52.0,996.0,2.06,180.0
2025-07-10 10:11:52,141.01,0.1,0.93,74.42,0.94,30.08,117.13,5.13,37.0,47.0,995.0,3.09,230.0
2025-07-10 11:09:41,140.81,0.07,1.09,71.75,0.77,28.78,118.02,5.08,38.0,44.0,995.0,3.09,230.0
2025-07-10 12:20:30,141.28,0.03,1.41,68.44,0.66,27.11,116.19,5.14,38.0,44.0,994.0,3.09,230.0
2025-07-10 13:27:55,183.95,0.02,4.25,60.22,1.65,32.22,121.57,10.07,37.0,47.0,994.0,0.0,0.0
2025-07-10 14:11:42,235.61,0.0,7.05,49.34,1.72,33.99,117.94,15.88,37.0,47.0,994.0,2.06,310.0
2025-07-10 15:12:01,286.4,0.0,9.15,42.14,1.76,36.01,115.56,20.64,36.0,52.0,995.0,2.06,130.0
2025-07-10 16:13:06,326.67,0.0,10.5,37.24,1.82,37.66,113.38,23.72,33.0,62.0,997.0,3.09,50.0
2025-07-10 17:12:38,355.64,0.0,11.06,34.66,1.85,39.14,113.64,24.81,33.0,62.0,1000.0,2.06,90.0
2025-07-10 18:15:09,365.78,0.0,11.0,33.34,1.77,39.62,113.85,24.42,33.0,62.0,1000.0,4.12,90.0
2025-07-10 19:08:49,356.01,0.0,10.31,31.41,1.53,38.36,110.47,23.54,31.0,70.0,1000.0,4.12,90.0
2025-07-10 20:11:54,349.01,0.0,9.87,28.21,1.26,36.97,106.22,24.13,31.0,74.0,1000.0,3.09,50.0
2025-07-10 21:10:33,342.32,0.01,9.39,25.29,1.04,35.42,102.22,24.35,30.0,74.0,997.0,3.09,50.0
2025-07-10 22:10:28,337.95,0.01,9.07,22.58,0.88,33.94,98.28,24.19,30.0,74.0,998.0,3.09,50.0
2025-07-10 23:10:48,330.77,0.02,8.69,21.21,0.78,32.56,96.23,22.91,30.04,58.0,998.0,4.14,326.0
2025-07-11 00:53:43,294.13,0.03,7.43,21.8,0.79,29.16,95.25,19.22,30.55,57.0,1000.0,2.47,38.0
2025-07-11 02:49:16,335.89,2.04,6.58,21.35,1.0,29.86,97.71,18.85,31.55,52.0,1001.0,1.04,52.0
2025-07-11 03:54:15,241.95,0.88,3.84,45.48,1.58,30.22,116.73,11.61,32.12,51.0,1001.0,1.56,18.0
2025-07-11 04:28:39,241.95,0.88,3.84,45.48,1.58,30.22,116.73,11.61,32.12,51.0,1001.0,1.56,18.0
2025-07-11 05:15:37,235.33,0.6,3.0,59.57,2.07,33.36,119.22,11.05,33.97,45.0,1001.0,1.23,44.0
2025-07-11 06:16:12,240.23,0.36,2.35,74.61,2.28,39.31,121.9,11.19,35.23,42.0,1001.0,2.06,325.0
2025-07-11 07:13:14,223.69,0.2,1.64,82.89,2.26,41.65,122.65,9.48,35.0,59.0,1001.0,4.12,360.0
2025-07-11 08:14:59,210.39,0.13,1.54,83.91,2.15,40.86,116.68,8.36,36.0,52.0,1001.0,2.06,50.0
2025-07-11 09:12:33,208.03,0.07,1.81,83.06,2.07,40.45,111.42,8.28,37.0,49.0,1000.0,2.06,50.0
2025-07-11 10:11:45,228.13,0.06,3.28,75.18,2.26,40.06,103.88,10.94,37.0,47.0,999.0,3.09,50.0
2025-07-11 11:10:08,266.5,0.18,5.39,66.53,2.42,39.81,96.27,15.34,37.0,47.0,998.0,3.09,90.0
2025-07-11 12:19:45,306.91,0.32,7.76,62.74,2.62,39.37,89.99,19.87,37.0,49.0,997.0,4.12,130.0
2025-07-11 13:26:45,257.15,0.22,5.33,79.62,2.53,44.21,109.64,12.63,37.0,49.0,997.0,3.09,130.0
2025-07-11 14:11:32,344.21,0.09,10.57,56.65,2.35,46.69,109.42,20.95,36.0,52.0,997.0,2.06,130.0
2025-07-11 15:11:24,409.86,0.0,13.39,43.56,2.27,48.03,109.37,27.45,36.0,52.0,997.0,2.06,180.0
2025-07-11 16:13:17,444.81,0.0,14.47,36.2,2.11,47.45,107.36,31.72,25.0,94.0,999.0,3.09,270.0
2025-07-11 17:11:13,448.89,0.0,13.92,32.87,1.89,45.59,104.78,31.72,26.0,89.0,1000.0,3.09,360.0
2025-07-11 18:14:50,426.06,0.0,12.6,33.75,1.65,42.62,103.35,29.53,26.0,94.0,1000.0,3.09,230.0
2025-07-11 19:08:51,350.48,0.0,9.44,40.4,1.37,37.6,103.85,23.66,26.0,83.0,1001.0,2.06,230.0
2025-07-11 20:12:04,300.25,0.0,7.51,40.63,1.12,34.1,104.13,21.3,26.0,83.0,1000.0,3.09,310.0
2025-07-11 21:10:04,266.13,0.0,6.35,39.84,1.19,31.62,105.2,19.76,26.0,83.0,1000.0,0.0,0.0
2025-07-11 22:10:28,242.93,0.0,5.71,40.62,2.48,29.6,101.46,17.36,26.0,83.0,999.0,0.0,0.0
2025-07-11 23:10:34,233.33,0.0,5.54,41.2,3.58,28.02,89.49,15.72,31.82,53.0,998.0,0.77,52.0
2025-07-12 00:54:55,212.96,0.0,4.19,48.21,3.87,26.98,71.61,8.97,26.0,83.0,1000.0,0.0,0.0
2025-07-12 02:49:13,227.95,0.4,3.64,50.02,2.6,28.99,79.13,9.35,27.0,83.0,1001.0,2.06,230.0
2025-07-12 03:49:21,234.05,0.55,3.0,55.98,2.25,30.92,88.33,9.95,29.0,74.0,1001.0,0.0,0.0
2025-07-12 04:22:57,234.05,0.55,3.0,55.98,2.25,30.92,88.33,9.95,30.0,70.0,1002.0,0.0,0.0
2025-07-12 05:12:02,232.82,0.39,2.13,67.75,1.97,34.91,99.34,10.25,32.0,62.0,1002.0,3.09,270.0
2025-07-12 06:14:47,229.23,0.25,1.45,80.16,1.75,41.08,112.99,10.34,33.0,62.0,1002.0,3.09,230.0
2025-07-12 07:10:57,209.86,0.15,1.0,88.79,2.06,43.7,117.58,8.36,33.0,62.0,1002.0,2.06,270.0
2025-07-12 08:12:58,193.65,0.12,0.87,90.39,2.05,42.62,113.83,7.03,34.0,55.0,1002.0,2.06,270.0
2025-07-12 09:10:34,186.07,0.11,0.86,89.68,1.89,41.85,113.05,6.69,35.0,55.0,1001.0,0.0,0.0
2025-07-12 10:10:31,184.46,0.1,0.92,89.69,1.83,41.76,113.06,6.78,36.0,56.0,1000.0,2.06,180.0
2025-07-12 11:08:56,182.47,0.09,1.03,88.4,1.76,41.11,111.4,6.89,36.0,56.0,999.0,2.06,180.0
2025-07-12 12:18:01,182.31,0.08,1.28,86.61,1.71,40.27,109.51,7.06,37.0,49.0,998.0,4.12,230.0
2025-07-12 13:21:40,232.63,0.06,4.72,72.88,2.28,41.88,114.55,14.63,36.0,52.0,998.0,4.12,230.0
2025-07-12 14:09:23,295.49,0.02,8.45,53.42,2.06,43.7,114.12,22.32,34.0,62.0,998.0,3.09,230.0
2025-07-12 15:09:53,347.61,0.0,10.82,41.92,1.94,45.39,114.04,28.16,33.0,66.0,998.0,2.06,230.0
2025-07-12 16:11:33,384.38,0.0,12.21,34.38,1.82,46.34,112.85,32.54,33.0,66.0,998.0,3.09,230.0
2025-07-12 17:08:25,412.74,0.0,12.92,28.7,1.7,47.29,112.88,35.13,32.0,74.0,998.0,3.09,230.0
2025-07-12 18:13:44,431.76,0.0,13.35,24.23,1.54,48.04,113.31,36.59,32.0,70.0,999.0,3.09,230.0
2025-07-12 19:07:52,430.08,0.01,13.07,21.45,1.3,47.87,113.07,36.39,32.82,38.0,999.0,2.27,105.0
2025-07-12 20:10:45,421.49,0.01,12.18,20.95,1.09,47.78,113.97,34.84,32.87,39.0,998.0,2.57,129.0
2025-07-12 21:08:54,416.6,0.01,11.4,21.48,0.93,48.09,116.34,33.34,31.0,74.0,998.0,3.09,130.0
2025-07-12 22:09:51,412.32,0.0,10.91,21.87,0.81,48.43,119.76,31.27,31.67,41.0,998.0,3.16,142.0
2025-07-12 23:11:13,406.27,0.0,10.45,22.24,0.71,48.76,124.69,29.26,30.0,79.0,998.0,3.09,230.0
2025-07-13 00:59:10,356.67,0.0,8.27,26.23,0.67,47.95,138.13,23.46,29.0,84.0,999.0,0.0,0.0
2025-07-13 03:01:35,348.44,1.41,6.1,28.9,0.88,47.11,148.25,21.91,30.0,84.0,1000.0,0.0,0.0
2025-07-13 04:29:15,293.72,1.06,4.15,47.61,1.28,45.97,163.18,17.05,32.0,70.0,1000.0,0.0,0.0
2025-07-13 05:13:53,272.27,0.61,2.92,66.43,1.55,49.9,170.07,15.93,34.0,59.0,1000.0,3.09,180.0
2025-07-13 06:14:59,266.09,0.35,2.06,86.0,1.73,58.84,179.37,16.15,35.0,55.0,999.0,2.06,230.0
2025-07-13 07:11:48,197.95,0.17,1.08,93.22,5.09,51.13,163.98,8.69,36.0,52.0,999.0,2.06,180.0
2025-07-13 08:13:02,172.4,0.12,0.79,92.75,5.5,46.5,147.22,6.11,38.0,47.0,998.0,3.09,180.0
2025-07-13 09:11:37,169.76,0.1,0.75,92.85,5.04,46.06,141.44,5.92,38.0,47.0,997.0,3.09,230.0
2025-07-13 10:10:32,172.28,0.1,0.78,93.68,4.62,46.59,139.4,6.15,39.0,42.0,997.0,2.06,180.0
2025-07-13 11:08:27,175.45,0.1,0.86,94.17,4.24,46.79,137.26,6.51,39.0,42.0,996.0,3.09,180.0
2025-07-13 12:18:29,179.61,0.09,1.06,94.16,3.86,46.69,134.74,6.89,39.0,42.0,995.0,2.06,230.0
2025-07-13 13:22:05,207.71,0.13,2.84,84.82,3.43,47.67,132.73,10.88,37.0,47.0,995.0,2.06,130.0
2025-07-13 14:09:15,250.68,0.05,5.46,70.98,3.07,49.35,129.78,16.2,40.93,26.0,996.0,4.7,136.0
2025-07-13 15:09:35,346.54,0.0,9.85,53.64,2.8,49.48,114.86,25.19,36.0,52.0,996.0,5.14,130.0
2025-07-13 16:11:58,384.84,0.0,10.79,50.71,2.63,50.96,108.67,28.49,35.0,55.0,997.0,5.14,130.0
2025-07-13 17:08:30,405.36,0.0,10.37,53.08,2.37,52.33,103.28,28.57,34.0,55.0,998.0,3.09,130.0
2025-07-13 18:13:36,410.49,0.0,9.15,60.01,2.07,53.33,99.2,27.11,35.89,42.0,998.0,5.55,155.0
2025-07-13 19:07:56,366.13,0.0,5.04,85.98,1.99,53.71,98.23,19.61,33.0,66.0,999.0,3.09,130.0
2025-07-13 20:10:48,370.47,0.0,4.33,90.04,1.81,56.5,99.73,19.41,32.0,70.0,999.0,4.12,130.0
2025-07-13 21:09:25,381.6,0.0,4.24,88.74,1.69,59.79,103.3,20.58,31.0,70.0,999.0,3.09,130.0
2025-07-13 22:10:06,394.83,0.0,4.48,83.51,1.56,62.39,105.86,22.37,31.0,70.0,999.0,3.09,130.0
2025-07-13 23:11:15,414.6,0.0,4.91,76.6,1.43,64.72,105.93,24.52,30.0,74.0,998.0,5.14,50.0
2025-07-14 00:56:49,452.6,0.0,5.3,68.26,1.63,68.02,102.01,24.95,25.0,83.0,1000.0,7.2,50.0
2025-07-14 02:56:48,517.22,0.36,6.43,65.07,2.32,71.64,95.7,22.14,27.0,74.0,1000.0,3.09,360.0
2025-07-14 03:59:43,490.25,0.48,4.26,94.26,3.14,72.29,93.45,16.92,29.0,65.0,1000.0,5.14,270.0
2025-07-14 04:41:52,486.75,0.38,3.03,114.33,3.7,76.86,94.35,15.67,30.0,58.0,1000.0,4.12,310.0
2025-07-14 05:17:56,486.75,0.38,3.03,114.33,3.7,76.86,94.35,15.67,31.0,55.0,1002.0,7.2,50.0
2025-07-14 06:18:00,485.27,0.26,2.23,132.91,4.4,84.95,101.12,14.93,31.0,55.0,1000.0,8.23,50.0
2025-07-14 07:15:45,397.75,0.13,1.15,141.5,4.5,69.62,82.62,8.21,33.0,52.0,1000.0,7.2,50.0
2025-07-14 08:16:50,362.73,0.11,0.96,139.51,4.29,62.81,73.36,6.22,33.0,49.0,1000.0,7.2,50.0
2025-07-14 09:18:26,358.32,0.11,1.05,140.25,4.58,63.12,74.28,5.82,34.0,52.0,999.0,7.2,50.0
2025-07-14 10:12:54,362.67,0.11,1.2,143.13,4.81,63.98,76.27,5.78,34.0,52.0,998.0,7.2,50.0
2025-07-14 11:09:59,369.06,0.1,1.47,145.17,4.9,63.43,76.25,6.0,35.0,49.0,997.0,4.12,50.0
2025-07-14 12:21:01,378.11,0.09,1.92,145.77,4.88,61.64,74.69,6.33,35.0,49.0,998.0,5.14,50.0
2025-07-14 13:29:43,398.2,0.06,3.03,142.93,4.88,60.62,73.94,7.66,34.0,52.0,998.0,4.12,90.0
2025-07-14 14:12:33,428.8,0.02,4.56,137.33,4.91,61.0,74.87,9.96,33.0,55.0,998.0,3.09,50.0
2025-07-14 15:12:13,482.46,0.0,5.44,132.49,4.73,67.39,74.86,11.71,32.0,58.0,998.0,3.09,50.0
2025-07-14 16:13:33,512.37,0.0,5.94,126.62,5.04,67.47,75.66,14.15,32.0,58.0,999.0,3.09,50.0
2025-07-14 17:11:52,549.68,0.0,6.33,119.53,5.38,69.08,78.43,16.77,31.0,66.0,999.0,4.12,50.0
2025-07-14 18:16:08,586.41,0.0,6.55,112.5,5.59,70.66,81.08,18.6,30.0,70.0,999.0,3.09,50.0
2025-07-14 19:09:56,613.56,0.0,6.53,104.91,5.38,72.04,83.39,19.78,30.0,70.0,1000.0,3.09,50.0
2025-07-14 20:12:53,637.21,0.0,6.44,96.54,4.94,73.62,85.66,20.67,29.0,74.0,999.0,2.06,50.0
2025-07-14 21:10:35,656.13,0.0,6.3,88.68,4.53,74.71,87.22,20.79,29.0,74.0,999.0,2.06,50.0
2025-07-14 22:10:44,667.64,0.0,6.21,81.39,4.25,74.9,87.36,20.16,29.0,74.0,998.0,2.06,50.0
2025-07-14 23:10:44,674.45,0.0,6.12,75.7,4.19,74.63,86.68,18.81,29.0,74.0,998.0,0.0,0.0
2025-07-15 00:55:28,667.73,0.0,5.71,70.23,4.86,72.2,83.14,14.91,28.0,83.0,998.0,0.0,0.0
2025-07-15 02:53:46,676.4,0.32,6.96,69.54,5.42,68.77,77.85,11.51,28.12,60.0,999.0,4.39,41.0
2025-07-15 03:55:16,643.39,0.38,6.55,86.98,5.85,63.4,71.84,9.59,28.03,59.0,999.0,4.81,47.0
2025-07-15 04:31:16,617.03,0.28,6.06,101.98,6.12,58.62,67.12,8.73,27.5,62.0,999.0,4.69,43.0
2025-07-15 05:16:38,617.03,0.28,6.06,101.98,6.12,58.62,67.12,8.73,27.5,62.0,999.0,4.69,43.0
2025-07-15 06:17:02,607.84,0.16,5.64,111.92,6.4,55.51,64.04,7.97,26.2,57.0,999.0,4.2,22.0
2025-07-15 07:14:37,585.3,0.11,4.58,119.47,5.73,47.8,55.02,6.12,26.84,55.0,999.0,5.21,11.0
2025-07-15 08:15:46,575.15,0.07,4.02,117.45,4.82,39.87,45.55,4.97,28.99,45.0,998.0,6.55,2.0
2025-07-15 09:20:06,581.91,0.05,4.09,111.23,4.47,34.19,38.98,4.55,27.0,89.0,999.0,3.09,360.0
2025-07-15 10:12:01,586.89,0.03,4.27,106.37,4.32,30.12,34.43,4.52,27.0,89.0,998.0,3.09,50.0
2025-07-15 11:10:08,586.7,0.02,4.56,102.72,4.44,28.14,32.22,4.85,26.0,94.0,999.0,3.09,50.0
2025-07-15 12:21:37,586.52,0.02,5.12,99.94,4.6,26.64,30.57,5.25,26.0,94.0,997.0,3.09,360.0
2025-07-15 13:30:21,501.88,0.02,5.53,112.25,4.04,42.78,48.04,10.94,27.0,89.0,997.0,3.09,360.0
2025-07-15 14:12:23,501.88,0.02,5.53,112.25,4.04,42.78,48.04,10.94,27.0,89.0,997.0,4.12,360.0
2025-07-15 15:10:34,520.27,0.0,6.57,102.57,4.16,42.94,49.17,14.29,27.0,89.0,998.0,4.12,360.0
2025-07-15 16:14:06,534.22,0.0,7.28,95.08,4.31,43.24,50.84,17.48,27.0,89.0,998.0,4.12,360.0
2025-07-15 17:10:17,552.16,0.0,7.9,87.4,4.31,44.14,53.16,20.18,27.0,89.0,998.0,5.14,360.0
2025-07-15 18:15:53,568.12,0.0,8.39,80.26,4.06,44.89,55.2,22.1,27.0,89.0,999.0,5.14,360.0
2025-07-15 19:11:09,568.89,0.0,8.39,74.02,3.68,44.95,56.31,22.75,27.0,89.0,999.0,4.12,360.0
2025-07-15 20:12:22,566.67,0.0,7.93,69.85,3.43,44.93,57.36,22.72,27.0,89.0,998.0,3.09,360.0
2025-07-15 21:08:49,563.09,0.0,7.45,66.33,3.29,44.72,58.25,22.35,27.0,89.0,998.0,3.09,360.0
2025-07-15 22:11:02,560.77,0.0,7.22,61.99,3.16,44.14,58.7,22.21,27.0,89.0,997.0,4.12,360.0
2025-07-15 23:09:52,562.45,0.0,7.37,56.75,2.94,43.97,59.32,23.06,27.0,89.0,997.0,3.09,360.0
2025-07-16 00:54:50,575.65,0.0,7.92,47.98,2.72,44.04,61.01,25.24,27.0,83.0,998.0,3.09,360.0
2025-07-16 02:50:22,601.86,0.27,8.9,50.38,3.38,44.42,65.63,25.48,27.0,83.0,999.0,0.0,0.0
2025-07-16 03:53:43,572.61,0.34,7.18,64.93,3.99,44.12,68.88,21.55,28.0,83.0,999.0,3.09,360.0
2025-07-16 04:30:18,557.72,0.45,5.92,74.81,3.78,44.68,70.57,19.77,30.0,70.0,999.0,3.09,360.0
2025-07-16 05:17:59,557.72,0.45,5.92,74.81,3.78,44.68,70.57,19.77,31.0,66.0,999.0,2.06,310.0
2025-07-16 06:16:49,542.92,0.43,4.24,92.29,3.5,47.45,73.46,18.19,33.0,55.0,999.0,2.06,310.0
2025-07-16 07:14:15,455.86,0.15,2.28,109.89,2.24,39.15,59.22,11.19,34.0,52.0,998.0,2.06,360.0
2025-07-16 08:15:20,401.67,0.13,1.46,110.97,1.42,31.56,48.51,8.34,34.0,52.0,998.0,4.12,360.0
2025-07-16 09:16:06,385.32,0.14,1.2,113.34,1.17,30.21,46.67,7.97,35.0,52.0,998.0,4.12,360.0
2025-07-16 10:12:16,382.1,0.14,1.16,116.66,1.05,31.12,48.23,8.2,36.0,46.0,997.0,3.09,360.0
2025-07-16 11:09:48,383.25,0.14,1.34,118.51,1.0,32.55,50.84,8.73,37.0,44.0,997.0,2.06,310.0